Month,Sum
12,4613443.34
10,3736726.88
04,3390670.24
11,3199603.2
05,3152606.75
03,2807100.38
07,2647775.7600000002
06,2577802.2600000002
08,2244467.88
02,2202022.42
09,2097560.13
01,1822256.73
